,CityID,CityName,Country,Lat,Lng,Temperature,MaxTemp,Humidity,Cloudiness,WindSpeed
0,2155415,New Norfolk,AU,-42.78,147.06,82.96,84.99,25,100,24.16
1,5106841,Albany,US,42.6,-73.97,15.82,21.2,62,90,3.96
2,3407407,Aquiraz,BR,-3.9,-38.39,82.24,82.4,74,40,5.82
3,2015306,Tiksi,RU,71.69,128.87,-25.53,-25.53,90,76,4.32
4,3871336,Santiago,CL,-33.46,-70.65,67.95,70,59,0,9.17
5,5855927,Hilo,US,19.73,-155.09,68.56,75.2,64,90,3.36
6,3147104,Loding,NO,67.3,14.75,34.52,39.2,60,75,18.34
7,2206939,Bluff,NZ,-46.6,168.33,74.62,74.62,49,71,6.93
8,3874787,Punta Arenas,CL,-53.15,-70.92,50,50,66,40,12.75
9,5820705,Casper,US,42.87,-106.31,38.71,42.01,64,90,9.17
10,4030556,Rikitea,PF,-23.12,-134.97,78.84,78.84,78,11,12.41
11,3836669,San Rafael,AR,-34.62,-68.33,78.67,78.67,44,92,18.5
12,1015776,Bredasdorp,ZA,-34.53,20.04,66.2,66.2,88,100,10.29
13,3870243,Taltal,CL,-25.4,-70.48,60.33,60.33,93,15,1.81
14,740263,Samsun,TR,41.25,36.33,39.2,39.2,86,75,4.7
15,3372707,Ribeira Grande,PT,38.52,-28.7,54.82,54.82,73,56,13.53
16,1056899,Sambava,MG,-14.27,50.17,74.03,74.03,94,77,1.97
17,2126199,Cherskiy,RU,68.75,161.3,-20.52,-20.52,98,100,7.07
18,6167817,Torbay,CA,47.67,-52.73,8.55,10.99,71,20,5.82
19,176758,Kaputa,ZM,-8.47,29.66,66.56,66.56,95,100,4.36
20,3628473,San Cristobal,VE,7.77,-72.22,78.8,78.8,88,40,3.36
21,5110365,Broome,US,42.25,-75.83,17.6,21,72,20,4.7
22,6201424,Mataura,NZ,-46.19,168.86,77.95,77.95,49,70,3.76
23,3470583,Barreiras,BR,-12.15,-44.99,71.76,71.76,92,100,2.66
24,2075265,Busselton,AU,-33.65,115.33,69.01,69.01,61,94,10
25,964712,Plettenberg Bay,ZA,-34.05,23.37,66.24,66.24,94,100,14.34
26,3369157,Cape Town,ZA,-33.93,18.42,63.61,68,88,75,9.17
27,3115824,Muros,ES,42.78,-9.06,48.74,53.01,75,40,14.99
28,4020109,Atuona,PF,-9.8,-139.03,81.01,81.01,74,68,12.84
29,6355222,Yulara,AU,-25.24,130.99,102.2,102.2,10,0,12.75
30,1632998,Pamanukan,ID,-6.28,107.81,87.49,87.49,61,21,4.21
31,3366880,Hermanus,ZA,-34.42,19.23,64.35,66,87,92,1.01
32,3840092,Puerto Madryn,AR,-42.77,-65.04,70.61,70.61,37,0,12.93
33,3361934,Saldanha,ZA,-33.01,17.94,64.4,64.4,82,30,2.24
34,3430863,Mar del Plata,AR,-38,-57.56,66.72,68,100,90,5.82
35,4564133,Dorado,PR,18.46,-66.27,73.04,75.99,88,20,5.77
36,2426370,Oum Hadjer,TD,13.3,19.7,57.54,57.54,20,0,9.69
37,124665,Mashhad,IR,36.3,59.61,24.8,24.8,92,0,4.7
38,3382160,Cayenne,GF,4.93,-52.33,73.4,73.4,88,100,5.73
39,5767918,Pierre,US,44.37,-100.35,26.33,28,92,90,3.29
40,3893726,Constitucion,CL,-35.33,-72.42,55.81,55.81,75,0,1.5
41,2027806,Amazar,RU,53.86,120.88,-10.89,-10.89,91,10,2.35
42,3692073,Santiago de Cao,PE,-7.96,-79.24,73.4,73.4,73,20,4.7
43,1650232,Banjar,ID,-8.19,114.97,87.8,87.8,70,20,9.17
44,1501365,Kupino,RU,54.37,77.3,8.31,8.31,95,98,10.54
45,1735106,George Town,MY,5.41,100.34,88.84,89.6,52,20,3.36
46,6111862,Port Hardy,CA,50.7,-127.42,39.2,39.2,100,75,4.7
47,3578447,Sainte-Rose,GP,16.33,-61.7,71.6,71.6,88,75,3.36
48,2163355,Hobart,AU,-42.88,147.33,83.12,84.99,25,100,24.16
49,3443061,Chui,UY,-33.7,-53.46,72.41,72.41,81,100,10.2
50,1640902,Kawalu,ID,-7.38,108.21,84.2,84.2,62,26,3.83
51,5282297,Bethel,US,41.37,-73.41,18.45,27,78,1,3.13
52,778362,Oksfjord,NO,70.24,22.35,25.93,28.4,74,75,35.57
53,1106677,Bambous Virieux,MU,-20.34,57.76,77.41,78.01,100,75,4.7
54,1263761,Manglaur,IN,29.8,77.87,53.51,53.51,65,0,3.56
55,1810979,Fuling,CN,29.7,107.39,51.44,51.44,66,15,0.98
56,3833367,Ushuaia,AR,-54.8,-68.3,46.4,46.4,65,40,16.11
57,2109701,Auki,SB,-8.77,160.7,84.69,84.69,74,21,10.85
58,108410,Riyadh,SA,24.69,46.72,55.4,55.4,50,0,3.36
59,2017215,Sangar,RU,63.92,127.47,-26.86,-26.86,95,91,3.4
60,3418910,Upernavik,GL,72.79,-56.15,1.67,1.67,62,61,4.36
61,2400547,Gamba,GA,-2.65,10,77.47,77.47,90,80,4.09
62,3894426,Coyhaique,CL,-45.58,-72.07,57.2,57.2,76,0,5.82
63,3932145,Pisco,PE,-13.7,-76.22,71.35,71.6,88,100,2.24
64,4031574,Provideniya,RU,64.38,-173.3,10.4,10.4,78,90,2.24
65,2123814,Leningradskiy,RU,69.38,178.42,-11.27,-11.27,96,100,7.09
66,3471451,Arraial do Cabo,BR,-22.97,-42.03,74.59,74.59,85,100,3.15
67,934322,Mahebourg,MU,-20.41,57.7,77.4,78.01,100,75,4.7
68,964432,Port Alfred,ZA,-33.59,26.89,68.22,68.22,91,29,10.78
69,2063056,Port Augusta,AU,-32.5,137.77,82.49,91,64,28,19.46
70,6170031,Tuktoyaktuk,CA,69.45,-133.04,-27.4,-27.4,74,5,5.82
71,6111696,Port-Cartier,CA,50.03,-66.87,5,5,71,90,3.36
72,546105,Nikolskoye,RU,59.7,30.79,34.39,35.6,74,40,17.9
73,2017155,Saskylakh,RU,71.92,114.08,-33.39,-33.39,95,15,6.6
74,101312,Turaif,SA,31.67,38.66,35.6,35.6,100,75,11.41
75,5880054,Barrow,US,71.29,-156.79,5,5,77,90,9.17
76,362973,Abnub,EG,27.27,31.15,42.8,42.8,81,0,9.17
77,2110227,Butaritari,KI,3.07,172.79,84.88,84.88,62,25,4.29
78,1062663,Mahajanga,MG,-15.72,46.32,82.4,82.4,88,75,21.92
79,5122534,Jamestown,US,42.1,-79.24,16.32,21.99,85,20,5.82
80,2897132,Husum,DE,54.49,9.05,43.2,44.6,93,75,14.99
81,2419622,Kerouane,GN,9.27,-9.02,73.99,73.99,65,100,2.95
82,2322794,Suleja,NG,9.18,7.18,69.8,69.8,56,29,8.05
83,5655240,Great Falls,US,47.5,-111.3,38.03,42.01,59,40,12.75
84,3939761,Hualmay,PE,-11.1,-77.61,68.88,68.88,87,100,2.73
85,1648082,Boyolangu,ID,-8.12,111.89,88.57,88.57,58,1,0.45
86,2139521,Noumea,NC,-22.28,166.46,85.44,87.8,48,75,16.11
87,933995,Souillac,MU,-20.52,57.52,77.4,78.01,100,75,4.7
88,2013918,Ust-Maya,RU,60.42,134.53,-14.96,-14.96,97,95,2.46
89,4036284,Alofi,NU,-19.06,-169.92,82.4,82.4,69,72,5.82
90,1637001,Luwuk,ID,-0.95,122.79,82.78,82.78,64,54,7.65
91,2435124,Bitkine,TD,11.98,18.21,62.62,62.62,19,35,9.8
92,3347019,Mossamedes,AO,-15.2,12.15,75.34,75.34,79,54,12.97
93,5924351,Clyde River,CA,70.47,-68.59,-9.4,-9.4,83,100,8.05
94,2027296,Aykhal,RU,66,111.5,-32.8,-32.8,73,59,4.47
95,3395981,Maceio,BR,-9.67,-35.74,78.8,78.8,83,28,6.93
96,1819729,Hong Kong,HK,22.29,114.16,71.6,75,73,40,5.82
97,2234663,Batouri,CM,4.43,14.37,64.29,64.29,26,49,2.21
98,964420,Port Elizabeth,ZA,-33.92,25.57,66.2,66.2,100,75,10.29
99,3355672,Luderitz,NA,-26.65,15.16,62.6,62.6,82,0,2.24
100,3580733,Bodden Town,KY,19.28,-81.25,74.26,75.2,69,20,16.11
101,1785036,Zhangye,CN,38.93,100.45,26.28,26.28,36,0,6.55
102,777019,Vardo,NO,70.37,31.11,21.2,21.2,92,40,23.04
103,3450909,Rondonopolis,BR,-16.47,-54.64,75.94,75.94,90,100,0.47
104,1058080,Nosy Varika,MG,-20.58,48.53,70.83,70.83,95,100,6.82
105,2316473,Bosobolo,CD,4.18,19.9,64.4,64.4,27,10,3.02
106,2013406,Vidim,RU,56.41,103.11,-13.81,-13.81,93,100,9.44
107,4972220,Millinocket,US,45.66,-68.71,6.64,10.4,77,90,4.34
108,2094342,Kavieng,PG,-2.57,150.8,83.37,83.37,77,13,16.67
109,2027933,Aleksandrovskiy Zavod,RU,50.92,117.94,-2.65,-2.65,73,93,3.87
110,2027968,Aldan,RU,58.6,125.39,-6.52,-6.52,71,4,9.06
111,3451138,Rio Grande,BR,-32.03,-52.1,74.39,74.39,78,100,19.95
112,6165406,Thompson,CA,55.74,-97.86,21.2,21.2,92,90,8.05
113,2638664,Salisbury,GB,51.07,-1.8,34.61,39.2,100,26,4.7
114,2145554,Ulladulla,AU,-35.35,150.47,86.9,91,55,20,19.46
115,1224061,Wattegama,LK,6.8,81.48,77.86,77.86,85,85,7.63
116,2037485,Erenhot,CN,43.65,111.98,17.2,17.2,81,0,14.97
117,1282256,Hithadhoo,MV,-0.6,73.08,83.64,83.64,79,87,13.35
118,5364022,La Palma,US,33.85,-118.05,53.01,59,76,20,5.59
119,3831208,Qaanaaq,GL,77.48,-69.36,-14.67,-14.67,48,0,5.75
120,935214,Saint-Pierre,RE,-21.34,55.48,76.46,80.6,100,100,21.92
121,5870133,Nome,US,64.5,-165.41,8.6,8.6,78,90,5.82
122,4035715,Avarua,CK,-21.21,-159.78,77,77,94,100,2.24
123,3837056,San Luis,AR,-33.3,-66.34,81.14,81.14,48,0,17.09
124,4032243,Vaini,TO,-21.2,-175.2,82.4,82.4,74,40,12.75
125,3883457,Lebu,CL,-37.62,-73.65,57.81,57.81,84,0,5.01
126,3652764,Puerto Ayora,EC,-0.74,-90.35,77,77,72,41,9.95
127,5380437,Pacific Grove,US,36.62,-121.92,52.25,55.99,87,90,4.7
128,157429,Kilindoni,TZ,-7.91,39.67,82.58,82.58,82,100,18.88
129,967106,Oudtshoorn,ZA,-33.59,22.2,62.6,62.6,100,90,14.99
130,3531368,Celestun,MX,20.87,-90.4,70.3,70.3,73,57,20.65
131,2108502,Honiara,SB,-9.43,159.95,89.6,89.6,66,20,9.17
132,1490805,Strelka,RU,58.07,93.03,-21.35,-21.35,98,35,2.77
133,3622547,Paraiso,CR,9.84,-83.87,67.69,69.8,68,20,8.05
134,2446796,Bilma,NE,18.69,12.92,57.63,57.63,22,0,6.6
135,2068110,Kununurra,AU,-15.77,128.73,93.2,93.2,49,0,6.93
136,2074865,Carnarvon,AU,-24.87,113.63,80.6,80.6,47,0,24.16
137,527034,Mikhaylov,RU,54.23,39.02,35.01,35.01,56,87,4
138,1622318,Waingapu,ID,-9.66,120.26,83.62,83.62,74,0,11.01
139,1507390,Dikson,RU,73.51,80.55,-12.28,-12.28,86,100,11.36
140,575521,Bogorodskoye,RU,56.55,37.88,29.14,29.14,82,96,15.03
141,2409914,Bonthe,SL,7.53,-12.51,78.26,78.26,86,65,4.32
142,329114,Sebeta,ET,8.92,38.62,48.2,48.2,76,20,4.7
143,5848280,Kapaa,US,22.08,-159.32,73.18,75.2,78,1,5.82
144,3423146,Ilulissat,GL,69.22,-51.1,12.2,12.2,78,94,6.93
145,1696482,Pagudpud,PH,18.56,120.79,82.4,82.4,61,20,6.93
146,3576994,Cockburn Town,TC,21.46,-71.14,77.43,77.43,75,99,7.11
147,933692,Kang,BW,-23.68,22.79,73.51,73.51,55,34,6.98
148,107304,Buraidah,SA,26.33,43.98,42.8,42.8,87,0,5.82
149,1309793,Meiktila,MM,20.87,95.87,72.77,72.77,32,35,4.29
150,2022572,Khatanga,RU,71.97,102.5,-24.86,-24.86,98,100,5.75
151,245338,Am Timan,TD,11.03,20.28,59.52,59.52,22,0,5.93
152,1856717,Shintomi,JP,32.08,131.47,55.4,55.4,62,75,4.7
153,3877348,Panguipulli,CL,-39.63,-72.33,64.87,66.2,63,0,9.17
154,372884,Kapoeta,SS,4.77,33.59,76.55,76.55,27,100,5.3
155,223816,Djibouti,DJ,11.5,42.5,73.4,73.4,73,1,8.12
156,2027786,Amga,RU,60.9,131.96,-19.52,-19.52,97,51,1.81
157,2288105,Grand-Lahou,CI,5.14,-5.02,81.88,81.88,83,85,9.53
158,3351380,Caconda,AO,-13.73,15.07,63.12,63.12,93,100,1.23
159,157738,Kigoma,TZ,-4.88,29.63,71.6,71.6,88,75,8.39
160,2514651,Los Llanos de Aridane,ES,28.66,-17.92,56.17,57.2,67,4,9.17
161,141665,Bandar-e Lengeh,IR,26.56,54.88,60.8,60.8,87,0,4.7
162,1489656,Teya,RU,60.38,92.63,-20.61,-20.61,95,100,5.44
163,934479,Grand Gaube,MU,-20.01,57.66,77.5,78.01,100,75,4.7
164,2090021,Namatanai,PG,-3.67,152.43,85.51,85.51,70,0,11.36
165,2181625,Te Anau,NZ,-45.42,167.72,61.09,61.09,77,76,5.61
166,545626,Kondopoga,RU,62.21,34.26,32,32,76,75,6.71
167,2729907,Longyearbyen,SJ,78.22,15.64,5,5,65,40,5.82
168,2137773,Vao,NC,-22.67,167.48,77.68,77.68,73,0,15.46
169,1529102,Urumqi,CN,43.8,87.6,17.6,17.6,78,89,2.24
170,2064735,Nhulunbuy,AU,-12.23,136.77,91.4,91.4,59,75,18.34
171,5866583,Kodiak,US,57.79,-152.41,24.8,24.8,73,20,5.41
172,3984997,San Quintin,MX,30.48,-115.95,56.97,56.97,82,0,5.95
173,3393692,Itarema,BR,-2.92,-39.92,75.36,75.36,94,100,1.59
174,2014624,Udachny,RU,66.42,112.4,-32.8,-32.8,73,46,4.47
175,3629710,Puerto Ayacucho,VE,5.66,-67.62,82.4,82.4,78,20,4.7
176,2341656,Gashua,NG,12.87,11.05,61.5,61.5,22,1,12.08
177,3393471,Oriximina,BR,-1.77,-55.87,77.27,77.27,83,99,3.85
178,5990669,Kelvington,CA,52.17,-103.53,17.02,17.02,88,0,8.08
179,2412749,Lamin,GM,13.35,-16.43,71.6,71.6,78,100,8.9
180,2192362,Christchurch,NZ,-43.53,172.63,74.07,81,68,82,9.17
181,5746545,Portland,US,45.52,-122.68,43.83,46.99,81,20,9.17
182,2696650,Alvik,SE,60.75,14.87,35.85,36,55,2,8.05
183,3489440,Morant Bay,JM,17.88,-76.41,75.78,78.8,69,40,5.82
184,3466704,Castro,BR,-24.79,-50.01,62.6,62.6,93,100,6.15
185,553350,Kamskiye Polyany,RU,55.43,51.42,28.4,28.4,92,75,13.42
186,1507116,Dudinka,RU,69.41,86.18,-20.2,-20.2,68,100,8.95
187,2128025,Shizunai,JP,42.33,142.37,29.93,29.93,66,97,8.84
188,3393115,Paracuru,BR,-3.41,-39.03,82.22,82.4,74,40,5.82
189,3141332,Roros,NO,62.57,11.38,28.4,28.4,92,90,26.4
190,3939168,Huarmey,PE,-10.07,-78.15,70.72,70.72,79,100,4.68
191,3899695,Ancud,CL,-41.87,-73.82,59,59,67,0,13.87
192,2281120,Tabou,CI,4.42,-7.35,76.06,76.06,95,61,1.77
193,2018069,Peleduy,RU,59.63,112.74,-3.78,-3.78,88,100,9.62
194,1649150,Bengkulu,ID,-3.8,102.27,89.33,89.33,57,0,0.38
195,1259395,Porbandar,IN,21.64,69.61,73.4,73.4,35,0,9.17
196,5557293,Sitka,US,57.05,-135.33,34.84,35.6,100,90,4.97
197,3408368,Acarau,BR,-2.89,-40.12,75.36,75.36,94,100,1.59
198,5554072,Juneau,US,58.3,-134.42,33.8,33.8,86,90,8.05
199,6137462,Saint-Augustin,CA,51.23,-58.65,5.65,5.65,77,0,11.7
200,124291,Mehran,IR,33.12,46.16,32,32,83,90,19.44
201,2222230,Sangmelima,CM,2.93,11.98,71.06,71.06,89,100,4.83
202,2063036,Port Lincoln,AU,-34.73,135.87,70.3,70.3,49,100,18.14
203,1488167,Ust'-Koksa,RU,50.27,85.61,5.77,5.77,92,100,11.88
204,3571913,Marsh Harbour,BS,26.54,-77.06,65.97,65.97,77,25,27.58
205,2186280,Nelson,NZ,-41.28,173.28,74.66,79,51,100,7.23
206,5882953,Aklavik,CA,68.22,-135.01,-18.4,-18.4,75,5,5.82
207,2449893,Tessalit,ML,20.2,1.01,66.56,66.56,22,53,12.44
208,2157698,Mildura,AU,-34.2,142.15,92.26,93.2,15,90,12.75
209,150689,Poli,TZ,-3.33,36.8,68.86,69.8,94,75,3.18
210,935215,Saint-Philippe,RE,-21.36,55.77,76.46,80.6,100,100,21.92
211,4034551,Faanui,PF,-16.48,-151.75,82.38,82.38,77,95,8.72
212,2120591,Tilichiki,RU,60.47,166.1,-16.38,-16.38,89,46,8.32
213,3175096,Laas,IT,46.62,10.7,28.51,32,73,100,4.7
214,3868633,Vallenar,CL,-28.57,-70.76,59.29,59.29,88,22,0.89
215,1791748,Wanxian,CN,30.8,108.39,52.02,52.02,67,36,2.06
216,2158767,Mareeba,AU,-17,145.43,86.58,89.01,70,40,11.41
217,1850108,Tomigusuku,JP,26.18,127.67,71.98,73.4,56,75,12.75
218,962367,Richards Bay,ZA,-28.78,32.04,72.25,72.25,72,21,9.6
219,1895695,Kushima,JP,31.46,131.23,54.12,55.4,62,75,4.7
220,2374583,Bubaque,GW,11.28,-15.83,77.61,77.61,64,100,15.1
221,2170581,Coolum Beach,AU,-26.53,153.1,89.65,98.01,75,100,1.99
222,2126710,Beringovskiy,RU,63.05,179.32,-9.99,-9.99,99,1,12.06
223,2012956,Yerbogachen,RU,61.28,108.01,-20.07,-20.07,97,98,6.31
224,1492607,Severnoye,RU,56.35,78.36,-3.05,-3.05,97,76,8.03
225,2208248,Kaitangata,NZ,-46.28,169.85,70,70,70,100,9.48
226,3833859,Tres Arroyos,AR,-38.37,-60.28,63.27,63.27,96,0,8.03
227,3451241,Rio Brilhante,BR,-21.8,-54.55,74.46,74.46,93,76,4.88
228,1283285,Jumla,NP,29.27,82.18,36,36,54,8,5.99
229,2070998,Geraldton,AU,-28.77,114.6,78.8,78.8,47,0,25.28
230,2126123,Chokurdakh,RU,70.63,147.92,-34.78,-34.78,98,85,7.76
231,5546220,Saint George,US,37.1,-113.58,41.63,46,75,40,5.82
232,3470137,Belmonte,BR,-15.86,-38.88,78.8,78.8,78,75,6.93
233,1737486,Bintulu,MY,3.17,113.03,87.42,87.8,74,75,6.93
234,2013032,Yekaterinoslavka,RU,50.37,129.11,-6.72,-6.72,96,89,5.77
235,5248511,Chippewa Falls,US,44.94,-91.39,17.28,19.4,78,1,11.41
236,1067565,Beloha,MG,-25.17,45.05,69.06,69.06,83,47,15.35
237,2282006,San-Pedro,CI,4.75,-6.64,81.68,81.68,82,83,8.99
238,3085867,Skala,PL,50.23,19.85,28.87,33.01,86,31,13.87
239,1735902,Sibu,MY,2.3,111.82,87.4,87.8,70,75,2.24
240,4485355,Piney Green,US,34.72,-77.32,32.11,34,60,1,17.22
241,541679,Krasnyy Klyuch,RU,55.39,56.65,24.71,24.71,94,100,17.27
242,3450083,Santa Maria,BR,-29.68,-53.81,71.6,71.6,94,90,10.29
243,4408000,Sedalia,US,38.7,-93.23,28.09,30.2,79,1,10.29
244,3547867,Manzanillo,CU,20.34,-77.12,70.81,70.81,91,39,5.91
245,6053446,Lewisporte,CA,49.25,-55.05,5,5,77,20,10.29
246,1037125,Montepuez,MZ,-13.13,39,69.06,69.06,93,100,6.13
247,2120612,Tigil,RU,57.8,158.67,3.04,3.04,93,99,1.61
248,4021858,Guerrero Negro,MX,27.98,-114.06,61.97,61.97,80,100,7.85
249,218229,Bongandanga,CD,1.5,21.05,68.72,68.72,39,100,0.54
250,6185377,Yellowknife,CA,62.46,-114.35,-13,-13,75,5,6.93
251,5859699,College,US,64.86,-147.8,-12.87,-11,75,90,1.01
252,5554428,Ketchikan,US,55.34,-131.65,40.95,42.8,100,90,13.87
253,1082243,Ambilobe,MG,-13.2,49.05,77.81,77.81,90,85,7.94
254,314967,Fethiye,TR,36.62,29.12,41,41,44,0,10.29
255,2122090,Pevek,RU,69.7,170.31,-13.65,-13.65,93,100,1.72
256,3804949,Guasdualito,VE,7.24,-70.73,80.6,80.6,78,20,4.99
257,2140558,Koumac,NC,-20.57,164.28,76.42,76.42,64,93,4.18
258,591472,Keila,EE,59.3,24.41,38.44,39.2,60,68,20.8
259,736324,Emporio,GR,40.48,21.55,31.84,34,54,0,9.17
260,602913,Skelleftea,SE,64.75,20.95,31.51,32,72,65,14.99
261,86049,Jalu,LY,29.03,21.55,49.3,49.3,72,0,6.69
262,3424607,Tasiilaq,GL,65.61,-37.64,23,23,85,100,41.38
263,1257060,Satana,IN,20.58,74.2,69.13,69.13,50,24,2.42
264,2249281,Linguere,SN,15.4,-15.12,74.07,74.07,13,99,9.17
265,523392,Nar'yan-Mar,RU,67.67,53.09,20.48,20.48,96,100,7.65
266,3386213,Touros,BR,-5.2,-35.46,77,77,88,40,1.12
267,2253354,Dakar,SN,14.69,-17.44,69.8,69.8,88,100,4.7
268,3674676,Mitu,CO,1.2,-70.17,73.62,73.62,93,77,1.88
269,3881102,Machali,CL,-34.18,-70.67,60.82,60.82,35,0,2.35
270,708901,Haisyn,UA,48.81,29.39,33.39,33.39,78,85,14.85
271,1006984,East London,ZA,-33.02,27.91,66.2,66.2,93,12,4.7
272,1850345,Toba,JP,34.48,136.85,47.23,48.2,45,40,6.93
273,2630299,Hofn,IS,64.25,-15.21,45.03,45.03,93,100,13
274,162627,Yabrud,SY,33.97,36.66,32.67,33.8,88,40,8.05
275,5989403,Kapuskasing,CA,49.42,-82.43,26.6,26.6,79,75,19.46
276,2169113,Deloraine,AU,-41.53,146.67,77.31,82.4,26,75,24.16
277,3928993,San Vicente de Canete,PE,-13.08,-76.38,71.13,71.13,90,97,1.52
278,539069,Kupavna,RU,55.75,38.13,33.91,36,69,75,13.42
279,1244926,Hambantota,LK,6.12,81.12,81.75,81.75,76,89,22.15
280,2023333,Kachug,RU,53.96,105.88,-3.17,-3.17,87,100,3.83
281,924206,Phalombe,MW,-15.81,35.65,61.48,61.48,98,100,6.13
282,4513583,Hamilton,US,39.18,-84.53,19.35,24.01,85,1,2.42
283,2013279,Vostok,RU,46.49,135.88,15.13,15.13,89,100,6.8
284,6063191,Mackenzie,CA,55.3,-123.17,21.2,21.2,92,90,2.24
285,3491161,Bull Savanna,JM,17.89,-77.59,66.6,66.6,91,100,4.54
286,4944903,Nantucket,US,41.28,-70.1,18.57,24.8,62,1,8.97
287,72181,Marzuq,YE,14.4,46.47,56.46,56.46,85,12,5.88
288,1151464,Phangnga,TH,8.45,98.53,89.6,89.6,55,20,9.17
289,1621313,Ambulu,ID,-8.35,113.61,81.91,81.91,74,0,4.61
290,1503037,Kodinsk,RU,58.69,99.18,-20.92,-20.92,91,0,5.19
291,2514301,Mahon,ES,39.89,4.27,57.2,57.2,93,37,9.17
292,4362001,Mayo,US,38.89,-76.51,25.92,30.2,63,1,3.36
293,3533462,Acapulco de Juarez,MX,16.86,-99.89,80.6,80.6,83,40,3.4
294,3421765,Nanortalik,GL,60.14,-45.24,26.06,26.06,88,100,15.79
295,2795238,Houyet,BE,50.19,5.01,25.97,28.99,92,0,1.12
296,3356832,Henties Bay,NA,-22.12,14.28,64,64,91,0,1.99
297,2084442,Vanimo,PG,-2.67,141.3,82.15,82.15,80,67,14.23
298,3038333,Arrondissement d'Ajaccio,FR,42,8.92,49.8,57.2,81,94,8.05
299,6541905,Nola,IT,40.92,14.53,42.01,48,75,77,5.82
300,3453060,Pontes e Lacerda,BR,-15.23,-59.34,78.51,78.51,73,1,3.96
301,5110092,Brewster,US,41.4,-73.62,18.23,27,78,1,3.13
302,5392593,San Ramon,US,37.78,-121.98,53.37,55.99,93,75,3
303,1249931,Beruwala,LK,6.48,79.98,78.48,78.48,82,86,5.48
304,1510689,Baykit,RU,61.67,96.37,-33,-33,94,0,2.68
305,1568770,Quang Ngai,VN,15.12,108.8,73.83,73.83,72,22,3.89
306,3180749,Caorle,IT,45.6,12.88,31.86,36,86,100,3.36
307,2025456,Chernyshevskiy,RU,63.01,112.47,-17,-17,98,100,3.65
308,3380290,Sinnamary,GF,5.38,-52.95,78.42,78.42,78,100,14.9
309,105298,Jizan,SA,17.33,42.67,73.4,73.4,73,20,6.93
310,2278158,Buchanan,LR,5.88,-10.05,77,77,94,75,1.1
311,3372964,Lagoa,PT,39.05,-27.98,58.71,58.71,68,100,22.48
312,2525478,Cabras,IT,39.93,8.53,52.5,53.01,73,100,13
313,2015852,Svetlaya,RU,46.54,138.33,19.72,19.72,67,98,8.88
314,686090,Asau,RO,46.43,26.4,32,32,72,0,6.93
315,1701394,Manuk Mangkaw,PH,4.8,119.85,82.94,82.94,66,86,8.05
316,3929493,San Juan Bautista,PE,-14.01,-75.74,71.35,71.6,88,100,2.24
317,152663,Mugumu,TZ,-1.85,34.7,61.47,61.47,84,100,4.47
318,1018725,Bloemfontein,ZA,-29.12,26.21,60.8,60.8,93,2,6.93
319,3035843,Auxerre,FR,47.8,3.57,24.21,26.01,92,0,3.36
320,3696183,Iquitos,PE,-3.75,-73.25,75.2,75.2,94,99,2.24
321,4845585,Westport,US,41.14,-73.36,21.52,28.99,49,1,4.7
322,2035746,Mishan,CN,45.55,131.88,23.36,23.36,76,100,10.22
323,2034615,Tahe,CN,52.33,124.73,-1.16,-1.16,81,5,3.65
324,138025,Damghan,IR,36.17,54.35,28.2,28.2,67,0,3.02
325,2112802,Hasaki,JP,35.73,140.83,42.62,45,60,75,6.93
326,5563839,Fortuna,US,40.6,-124.16,47.95,50,81,20,5.82
327,739209,Susehri,TR,40.16,38.09,6.98,6.98,99,95,9.55
328,2686469,OErnskoeldsvik,SE,63.29,18.72,33.62,35.6,71,33,21.92
329,2156643,Mount Gambier,AU,-37.83,140.77,60.8,60.8,72,40,16.11
330,1254046,Tura,IN,25.52,90.22,64.27,64.27,56,0,3.11
331,3414079,Olafsvik,IS,64.89,-23.71,42.1,42.1,95,100,29.97
332,4277011,Parsons,US,37.34,-95.26,33.76,35.6,80,1,8.05
333,1651810,Airai,TL,-8.93,125.41,82.94,82.94,53,84,4.18
334,1294041,Taungdwingyi,MM,20.02,95.55,72.84,72.84,40,25,3.96
335,1488414,Urengoy,RU,65.97,78.37,-4.05,-4.05,97,100,16.2
336,1309937,Maymyo,MM,22.03,96.47,69.8,69.8,64,0,3.36
337,2016216,Sosnovo-Ozerskoye,RU,52.52,111.54,-7.29,-7.29,96,84,8.23
338,1786764,Yichang,CN,30.71,111.28,46.69,46.69,72,93,2.68
339,3687238,Cartagena,CO,10.4,-75.51,78.8,78.8,88,40,6.93
340,1165635,Shahdadpur,PK,25.92,68.62,51.8,51.8,71,40,6.93
341,5961417,Gimli,CA,50.63,-96.99,18,18,91,73,5.01
342,6089245,Norman Wells,CA,65.28,-126.83,-18.4,-18.4,75,20,4.7
343,4047434,Russell,US,32.35,-85.2,30.06,33.8,63,1,4.7
344,187585,Marsabit,KE,2.33,37.99,79.27,79.27,29,16,10.09
345,5849297,Kihei,US,20.79,-156.47,71.53,75.2,64,40,4.7
346,2136825,Isangel,VU,-19.55,169.27,78.8,78.8,74,51,13.87
347,2030065,Mandalgovi,MN,45.76,106.27,8.64,8.64,79,0,7.45
348,2455517,Kayes,ML,14,-11,73.4,73.4,33,99,4.7
349,2027044,Batagay,RU,67.63,134.63,-26.68,-26.68,95,98,2.04
350,2012530,Zhigansk,RU,66.77,123.37,-27.42,-27.42,97,100,7.52
351,3860443,Comodoro Rivadavia,AR,-45.87,-67.5,69.8,69.8,60,92,4.7
352,3466165,Cidreira,BR,-30.18,-50.21,74.88,74.88,77,100,24.52
353,1280037,Shache,CN,38.42,77.24,25.52,26.01,70,2,1.99
354,2138555,Poum,NC,-20.23,164.02,78.48,78.48,73,0,16.51
355,3374210,Sao Filipe,CV,14.9,-24.5,69.31,69.31,81,67,3.65
356,55671,Kismayo,SO,-0.36,42.55,80.89,80.89,81,11,19.22
357,2643044,Margate,GB,51.38,1.39,36.97,42.01,100,75,5.82
358,2184512,Pleasant Point,NZ,-44.27,171.13,71.01,71.01,72,68,5.01
359,6164499,The Pas,CA,53.83,-101.25,30.2,30.2,80,90,12.75
360,6160362,Swan River,CA,52.11,-101.27,20.05,20.05,87,0,9.26
361,1180419,Daud Khel,PK,32.88,71.57,47.48,47.48,77,56,3.71
362,2122614,Okha,RU,53.57,142.95,-1.08,-1.08,86,7,11.5
363,2065594,Mount Isa,AU,-20.73,139.5,77,77,100,40,21.92
364,4149635,Callaway,US,30.15,-85.57,35.71,39.2,55,1,9.17
365,1277333,Bengaluru,IN,12.98,77.6,69.82,72,83,40,9.17
366,1842966,Gijang,KR,35.24,129.21,42.8,42.8,70,90,3.36
367,4315067,Ascension,US,30.22,-90.9,39.81,44.6,48,1,3.36
368,5735238,Klamath Falls,US,42.22,-121.78,31.6,33.01,97,1,6.93
369,2634677,Watford,GB,51.66,-0.4,37.38,42.01,93,54,1.12
370,2537881,Safi,MA,32.3,-9.24,47.59,47.59,89,0,5.77
371,2763749,Thalgau,AT,47.83,13.25,26.67,30,100,75,5.82
372,561783,Gavrilov Posad,RU,56.56,40.12,30.99,30.99,77,93,18.34
373,5367788,Lompoc,US,34.64,-120.46,48.09,52,93,75,3.36
374,327651,Teseney,ER,15.11,36.66,54.12,54.12,91,0,7.81
375,2026786,Berezovyy,RU,51.67,135.7,5.25,5.25,67,43,2.48
376,3137469,Sorland,NO,67.67,12.69,37.4,37.4,64,40,18.34
377,139817,Bushehr,IR,28.97,50.84,61.57,62.6,51,75,6.93
378,1524138,Atakent,KZ,40.85,68.51,32.79,32.79,95,100,7.58
379,1489853,Tazovsky,RU,67.47,78.7,-4.85,-4.85,96,100,16.13
380,2477537,Tazmalt,DZ,36.39,4.4,48.2,48.2,76,40,9.17
381,2067089,Maningrida,AU,-12.07,134.27,85.08,85.08,75,98,23.73
382,1529484,Kumul,CN,42.8,93.45,10.04,10.04,86,89,1.92
383,933366,Maun,BW,-19.98,23.42,70.7,70.7,72,17,5.41
384,5847411,Kahului,US,20.89,-156.47,71.56,75.2,64,40,4.7
385,2112309,Katsuura,JP,35.13,140.3,44.82,51.01,56,75,4.7
386,1337606,Eydhafushi,MV,5.1,73.07,83.43,83.43,78,88,22.68
387,4500920,Brigantine,US,39.41,-74.36,25.32,28.99,62,1,5.82
388,2293107,Akoupe,CI,6.39,-3.9,73.22,73.22,95,51,2.24
389,3139597,Sistranda,NO,63.73,8.83,37.4,37.4,86,75,31.09
390,3461408,Ilheus,BR,-14.79,-39.05,80.6,80.6,88,75,2.24
391,1263752,Mangrol,IN,21.12,70.12,68.45,68.45,46,0,12.59
392,498001,Sebezh,RU,56.3,28.47,36,36,82,100,11.65
393,3985168,San Patricio,MX,19.22,-104.7,81.45,81.45,73,0,7.11
394,1568574,Qui Nhon,VN,13.77,109.23,74.19,74.19,70,99,0.98
395,533418,Lukovetskiy,RU,64.3,41.92,28.4,28.4,92,90,13.42
396,3464343,Eldorado,BR,-23.79,-54.28,73.83,73.83,86,100,4.21
397,1490256,Talnakh,RU,69.49,88.4,-20.2,-20.2,68,100,8.95
398,6148373,Sioux Lookout,CA,50.1,-91.92,21.2,21.2,79,90,11.41
399,4169452,Punta Gorda,US,26.93,-82.05,42.93,46.4,52,1,12.75
400,2931521,Eisenberg,DE,50.97,11.9,24.46,28.99,92,7,4.7
401,3460355,Jaciara,BR,-15.97,-54.97,74.75,74.75,86,100,3.76
402,2016405,Smolenka,RU,52.14,113.5,-9.4,-9.4,69,99,2.24
403,1695751,Panacan,PH,9.25,118.41,89.6,89.6,55,20,13.87
404,885800,Mount Darwin,ZW,-16.77,31.58,59.47,59.47,94,100,3.13
405,706289,Khorol,UA,49.78,33.28,34.93,34.93,88,100,14.03
406,2270385,Camacha,PT,33.08,-16.33,55.65,57.2,67,20,8.05
407,2527087,Tiznit,MA,29.58,-9.5,44.92,44.92,88,29,1.3
408,1715493,Daram,PH,11.63,124.79,82.04,82.04,67,6,10.51
409,3893629,Coquimbo,CL,-29.95,-71.34,62.6,62.6,88,90,6.93
410,2178753,Kirakira,SB,-10.45,161.92,83.62,83.62,78,8,2.93
411,110690,Faya,SA,18.39,42.45,51.8,51.8,81,75,13.87
412,3985710,Cabo San Lucas,MX,22.89,-109.91,68.36,70,64,5,5.79
413,3354071,Oranjemund,NA,-28.55,16.43,62.46,62.46,90,2,1.83
414,2367568,Bassar,TG,9.25,0.78,75.2,75.2,36,72,9.17
415,5919850,Chapais,CA,49.78,-74.85,17.6,17.6,92,90,8.05
416,1795565,Shenzhen,CN,22.55,114.07,71.65,75,73,75,4.47
417,3430545,Moron,AR,-34.65,-58.62,72.7,75.2,94,75,6.93
418,2071860,Esperance,AU,-33.87,121.9,62.6,62.6,82,75,21.92
419,2144528,Warrnambool,AU,-38.38,142.48,64.99,64.99,80,100,18.43
420,343292,Asosa,ET,10.07,34.53,61.38,61.38,33,11,7.31
421,3665315,Anori,BR,-3.77,-61.64,75.6,75.6,97,100,1.1
422,3440777,Rocha,UY,-34.48,-54.33,68.43,68.43,88,100,7.87
423,1528606,Kemin,KG,42.78,75.69,14.05,14.05,86,100,1.43
424,5374920,Morro Bay,US,35.37,-120.85,48.06,51.01,87,1,3.94
425,3868626,Valparaiso,CL,-33.04,-71.63,57.99,59,87,0,2.26
426,5044290,Saint Anthony,US,45.02,-93.22,17.74,19.99,73,1,11.41
427,3869716,Tocopilla,CL,-22.09,-70.2,62.92,62.92,37,100,2.3
428,2132606,Samarai,PG,-10.62,150.67,90.12,90.12,54,57,3.62
429,2194098,Ahipara,NZ,-35.17,173.17,77,77,65,99,1.99
430,1517637,Ushtobe,KZ,45.25,77.98,28.09,28.09,97,100,5.86
431,149050,Uvinza,TZ,-5.1,30.39,65.7,65.7,97,100,3.47
432,1153035,Kathu,TH,7.92,98.33,89.6,89.6,55,20,9.17
433,3372760,Praia da Vitoria,PT,38.73,-27.07,57.2,57.2,82,75,22.66
434,3402648,Carutapera,BR,-1.2,-46.02,81.43,81.43,78,93,17.85
435,2634032,Whitley Bay,GB,55.04,-1.45,45.93,51.8,100,40,13.87
436,5861897,Fairbanks,US,64.84,-147.72,-13.32,-11.99,75,90,0.69
437,1626542,Sorong,ID,-0.88,131.25,86.97,86.97,61,94,7.78
438,2400578,Fougamou,GA,-1.22,10.58,73.71,73.71,98,61,0.67
439,3687972,Calamar,CO,10.25,-74.91,78.8,78.8,88,40,6.93
440,2092164,Lorengau,PG,-2.02,147.27,83.79,83.79,75,42,15.32
441,3545867,Nueva Gerona,CU,21.88,-82.8,67.06,67.06,70,32,26.04
442,2398073,Mouila,GA,-1.87,11.06,72.77,72.77,98,99,1.54
443,2618795,Klaksvik,FO,62.23,-6.59,42.8,42.8,93,100,8.05
444,986717,Kruisfontein,ZA,-34,24.73,63.77,63.77,97,100,14.83
445,1714733,Dingle,PH,11,122.67,79.59,79.59,75,50,13.94
446,2176639,Batemans Bay,AU,-35.72,150.18,83.93,91,83,0,11.99
447,2467813,Rafraf,TN,37.19,10.18,58.98,60.8,76,20,13.87
448,2129376,Kushiro,JP,42.98,144.37,30.2,30.2,68,40,8.05
449,2395568,Aplahoue,BJ,6.93,1.68,75.36,75.36,71,96,3.18
450,2140466,Moindou,NC,-21.69,165.68,87.8,87.8,48,75,16.11
451,2629833,Husavik,IS,66.04,-17.34,42.8,42.8,70,90,16.11
452,2077895,Alice Springs,AU,-23.7,133.88,98.6,98.6,25,19,8.05
453,5699404,Scottsbluff,US,41.87,-103.67,36.14,39.2,66,1,4.7
454,5864145,Homer,US,59.64,-151.55,18.86,23,85,90,4.14
455,2381972,Adrar,MR,20.5,-10.07,57.81,57.81,40,91,8.97
456,1631905,Payakumbuh,ID,-0.22,100.63,68.36,68.36,98,100,3.04
457,1488206,Ust'-Ishim,RU,57.69,71.17,-1.28,-1.28,96,100,6.87
458,3449310,Sao Cristovao,BR,-11.01,-37.21,82.4,82.4,78,40,11.41
459,3421319,Nuuk,GL,64.18,-51.72,24.8,24.8,62,100,9.17
460,3537840,Santa Cruz del Sur,CU,20.71,-78,73.35,73.35,82,19,20.38
461,2971298,Ussel,FR,45.55,2.32,33.8,33.8,44,44,3.15
462,4946620,Palmer,US,42.16,-72.33,11.66,18,77,40,0.78
463,3374333,Praia,CV,14.92,-23.51,69.8,69.8,83,95,12.75
464,2216645,Hun,LY,29.13,15.95,48.06,48.06,73,57,6.96
465,204953,Tshikapa,CD,-6.42,20.8,70.57,70.57,95,100,2.98
466,2264557,Ponta do Sol,PT,32.67,-17.1,52.27,55,81,75,4.7
467,337712,Finote Selam,ET,10.7,37.27,53.58,53.58,71,0,1.61
468,1511709,Alzamay,RU,55.56,98.66,-7.82,-7.82,91,95,7.9
469,3146487,Raudeberg,NO,61.99,5.14,39.56,39.99,80,100,18.34
470,4068446,Hueytown,US,33.45,-87,28.62,30.99,58,1,5.82
471,1250161,Batticaloa,LK,7.71,81.69,77.27,77.27,90,65,6.64
472,4005370,Guadalupe y Calvo,MX,26.1,-106.97,48.07,48.07,64,34,3.22
473,1855342,Nishihara,JP,26.18,127.76,71.96,73.4,56,75,12.75
474,2236967,Soyo,AO,-6.13,12.37,79.99,79.99,85,100,5.46
475,1259385,Port Blair,IN,11.67,92.75,86,86,70,20,11.41
476,2121385,Severo-Kuril'sk,RU,50.68,156.12,18.63,18.63,75,83,10.25
477,2161658,Kempsey,AU,-31.08,152.83,89.69,93,73,0,11.01
478,3983805,Santa Rosalia,MX,27.32,-112.28,61.03,61.03,73,100,3.62
479,136702,Dehloran,IR,32.69,47.27,50.27,50.27,83,100,15.84
480,1259954,Peddapuram,IN,17.08,82.13,80.6,80.6,69,0,9.17
481,3720824,Miragoane,HT,18.44,-73.09,78.08,78.08,73,100,6.85
482,2655288,Boddam,GB,57.47,-1.78,47.66,51.01,93,97,2.24
483,1687894,Santa Rosa,PH,14.31,121.11,86.9,88,51,20,12.75
484,5983720,Iqaluit,CA,63.75,-68.51,-27.22,-27,67,5,10.29
485,1267390,Kavaratti,IN,10.57,72.64,82.4,82.4,78,40,4.7
486,1268022,Kankon,IN,15.02,74.02,82.4,82.4,42,6,12.75
487,1152562,Kui Buri,TH,12.08,99.85,87.8,87.8,58,20,5.82
488,128234,Kerman,IR,30.28,57.08,26.6,26.6,92,0,4.7
489,3526756,Isla Mujeres,MX,21.23,-86.73,69.42,69.8,64,40,11.41
490,3663517,Manaus,BR,-3.1,-60.02,77,77,94,75,3.36
491,1223738,Weligama,LK,5.97,80.42,80.65,80.65,74,77,2.89
492,1274899,Chakia,IN,26.42,85.05,58.06,58.06,65,0,5.39
493,58933,Garoowe,SO,8.41,48.48,66.47,66.47,76,50,7.25
494,53372,Oodweyne,SO,9.41,45.06,72.72,72.72,20,33,5.35
495,2171099,Codrington,AU,-38.27,141.97,59.67,59.67,87,100,27.56
496,2013921,Ust-Kuyga,RU,70.02,135.6,-32.26,-32.26,98,95,4.5
497,3454005,Piacabucu,BR,-10.41,-36.43,76.93,76.93,81,66,8.12
498,1605957,Tak Bai,TH,6.26,102.05,84.02,84.2,74,40,12.75
499,3472234,Angatuba,BR,-23.49,-48.41,64.17,64.17,89,84,9.33
500,4470244,Havelock,US,34.88,-76.9,32.32,34,59,1,18.34
501,100926,Umm Lajj,SA,25.02,37.27,56.41,56.41,35,0,3.31
502,3836277,Santa Fe,AR,-31.63,-60.7,74.43,75.99,91,0,5.01
503,682712,Carastelec,RO,47.3,22.7,30.99,32,92,90,6.93
504,2454268,Koutiala,ML,12.39,-5.46,71.46,71.46,26,55,5.57
505,1861280,Itoman,JP,26.12,127.67,71.98,73.4,56,75,12.75
506,680092,Crucea,RO,44.53,28.23,28.29,28.4,92,0,21.92
507,5814916,Walla Walla,US,46.06,-118.34,37.29,44.01,65,1,11.41
508,1266966,Kharakvasla,IN,18.43,73.77,81,81,36,3,13.31
509,2649715,Falmouth,GB,50.15,-5.07,34.57,39,100,5,8.05
510,2159220,Mackay,AU,-21.15,149.2,91.2,91.99,63,34,14.99
511,1629965,Tanete,ID,-3.94,119.78,94.82,94.82,47,87,4.16
512,4231997,Avera,US,33.19,-82.53,29.37,33.8,68,1,6.69
513,2063042,Port Hedland,AU,-20.32,118.57,95,95,53,0,18.34
514,192900,Kericho,KE,-0.37,35.28,64.36,64.36,53,95,5.84
515,2510573,Teguise,ES,29.06,-13.56,53.6,53.6,76,8,4.7
516,1513491,Yangi Marg`ilon,UZ,40.43,71.72,32,32,86,75,4.7
517,4135840,West Helena,US,34.55,-90.64,29.44,30.2,86,1,5.64
518,2160735,Lakes Entrance,AU,-37.88,147.98,89.13,91,30,65,5.01
519,2328617,Numan,NG,9.47,12.03,65.34,65.34,29,93,2.89
520,4013679,Coahuayana Viejo,MX,18.73,-103.68,69.8,69.8,88,40,4.29
521,1487332,Verkhnyaya Inta,RU,65.98,60.31,10.85,10.85,83,100,12.08
522,1160939,Iranshahr,IR,27.2,60.68,53.6,53.6,66,20,6.93
523,1505991,Igarka,RU,67.47,86.58,-22.25,-22.25,92,100,21.3
524,1279945,Jiuquan,CN,39.74,98.52,22.93,22.93,40,0,2.28
525,2156927,Moree,AU,-29.47,149.85,102.2,102.2,15,45,10.29
526,901766,Namwala,ZM,-15.75,26.44,69.1,69.1,92,98,5.46
527,5384690,Poway,US,32.96,-117.04,51.76,57.2,100,75,5.82
528,484314,Tarnogskiy Gorodok,RU,60.5,43.58,26.53,26.53,93,100,9.84
529,4033356,Tiarei,PF,-17.53,-149.33,82.22,82.4,78,20,18.34
530,713749,Okhtyrka,UA,50.31,34.9,34.43,34.43,91,100,15.3
531,1264976,Leh,IN,34.17,77.58,-3.5,-3.5,76,100,0.72
532,1282898,Pokhara,NP,28.23,83.98,69.44,69.44,28,0,3.38
533,3420846,Qaqortoq,GL,60.72,-46.03,24.8,24.8,85,100,3.36
534,3416888,Grindavik,IS,63.84,-22.43,44.6,44.6,100,90,28.86
535,1625929,Sungaipenuh,ID,-2.08,101.38,75.47,75.47,75,92,3.13
536,2259383,Nkayi,CG,-4.18,13.29,73.69,73.69,94,98,2.15
537,4884453,Belvidere,US,42.26,-88.84,23.07,25,85,75,14.99
538,5866063,Kenai,US,60.55,-151.26,12.18,16,85,90,5.46
539,3421193,Paamiut,GL,61.99,-49.67,24.96,24.96,79,100,34.49
540,215976,Ilebo,CD,-4.32,20.58,76.1,76.1,80,100,1.19
541,1540356,Raduzhny,RU,62.1,77.47,1.85,1.85,93,100,12.24
542,3491355,Black River,JM,18.03,-77.85,75.13,75.2,83,75,3.36
543,695464,Romny,UA,50.75,33.47,34.61,34.61,89,100,15.73
544,1637001,Biak,ID,-0.91,122.88,83.79,83.79,72,50,14.5
545,361058,Alexandria,EG,31.22,29.96,53.13,55.4,58,40,11.41
546,4033779,Punaauia,PF,-17.63,-149.6,82.22,82.4,78,20,18.34
547,3892454,Diego de Almagro,CL,-26.37,-70.05,58.96,58.96,63,0,1.92
548,5354943,Half Moon Bay,US,37.46,-122.43,53.01,55.99,87,90,8.05
549,5905393,Bonavista,CA,48.65,-53.11,10.99,10.99,74,0,3
550,2180815,Tuatapere,NZ,-46.13,167.68,65.62,65.62,67,66,3.42
551,897456,Sinazongwe,ZM,-17.26,27.46,75.61,75.61,70,76,6.73
552,3703239,Pedasi,PA,7.53,-80.03,79.92,79.92,78,100,14.63
553,2191562,Dunedin,NZ,-45.87,170.5,68.54,70,70,79,17.9
554,2986732,Ploemeur,FR,47.73,-3.43,34.74,39,80,0,8.05
555,1852357,Shimoda,JP,34.67,138.95,48.25,51.8,62,20,12.75
556,1278510,Anupgarh,IN,29.19,73.21,63.82,63.82,43,0,9.48
557,1634614,Nabire,ID,-3.37,135.48,84.87,84.87,67,100,4.7
558,1814093,Dali,CN,25.7,100.18,57.79,57.79,34,0,12.17
